,isFraud=0,isFraud=1
precision,0.9920988549816072,0.05107247358111866
recall,0.8299238057262727,0.5806983777838878
f-score,0.9037938716559366,0.09388753056234718
Num_samples,230726.0,3637.0
